{
  "AWSEBDockerrunVersion": 2,
  "authentication": {
    "bucket": "elasticbeanstalk-us-east-1-019190149510",
    "key": "config.json"
  },
  "containerDefinitions": [
    {
      "name": "app-landing",
      "image": "e20co/app.expansioncapitalgroup.com:develop",
      "essential": true,
      "memory": 512,
      "command": [
            "tail",
            "-f",
            "/bin/bash"
          ],
      "portMappings": [
        {
          "hostPort": 80,
          "containerPort": 80
        }
      ],
      "environment": [
        {
          "name": "NAME",
          "value": "VALUE"
        }
      ]
    }    
  ]
}